<?xml version="1.0" encoding="UTF-8"?>
<GenRun Id="impl_1" LaunchPart="xc7a12ticsg325-1L" LaunchTime="1709768592">
  <File Type="ROUTE-PWR" Name="lab5dpath_power_routed.rpt"/>
  <File Type="PA-TCL" Name="lab5dpath.tcl"/>
  <File Type="ROUTE-PWR-SUM" Name="lab5dpath_power_summary_routed.pb"/>
  <File Type="REPORTS-TCL" Name="lab5dpath_reports.tcl"/>
  <File Type="OPT-RQA-PB" Name="lab5dpath_rqa_opted.pb"/>
  <File Type="BITSTR-MMI" Name="lab5dpath.mmi"/>
  <File Type="OPT-METHODOLOGY-DRC" Name="lab5dpath_methodology_drc_opted.rpt"/>
  <File Type="INIT-TIMING" Name="lab5dpath_timing_summary_init.rpt"/>
  <File Type="OPT-TIMING" Name="lab5dpath_timing_summary_opted.rpt"/>
  <File Type="OPT-DCP" Name="lab5dpath_opt.dcp"/>
  <File Type="OPT-DRC" Name="lab5dpath_drc_opted.rpt"/>
  <File Type="OPT-HWDEF" Name="lab5dpath.hwdef"/>
  <File Type="PWROPT-DCP" Name="lab5dpath_pwropt.dcp"/>
  <File Type="PWROPT-DRC" Name="lab5dpath_drc_pwropted.rpt"/>
  <File Type="PWROPT-TIMING" Name="lab5dpath_timing_summary_pwropted.rpt"/>
  <File Type="PLACE-DCP" Name="lab5dpath_placed.dcp"/>
  <File Type="PLACE-IO" Name="lab5dpath_io_placed.rpt"/>
  <File Type="PLACE-CLK" Name="lab5dpath_clock_utilization_placed.rpt"/>
  <File Type="PLACE-UTIL" Name="lab5dpath_utilization_placed.rpt"/>
  <File Type="PLACE-UTIL-PB" Name="lab5dpath_utilization_placed.pb"/>
  <File Type="PLACE-CTRL" Name="lab5dpath_control_sets_placed.rpt"/>
  <File Type="PLACE-SIMILARITY" Name="lab5dpath_incremental_reuse_placed.rpt"/>
  <File Type="PLACE-PRE-SIMILARITY" Name="lab5dpath_incremental_reuse_pre_placed.rpt"/>
  <File Type="BG-BIN" Name="lab5dpath.bin"/>
  <File Type="PLACE-TIMING" Name="lab5dpath_timing_summary_placed.rpt"/>
  <File Type="ROUTE-PWR-RPX" Name="lab5dpath_power_routed.rpx"/>
  <File Type="PLACE-RQA-PB" Name="lab5dpath_rqa_placed.pb"/>
  <File Type="POSTPLACE-PWROPT-DCP" Name="lab5dpath_postplace_pwropt.dcp"/>
  <File Type="BITSTR-MSK" Name="lab5dpath.msk"/>
  <File Type="POSTPLACE-PWROPT-TIMING" Name="lab5dpath_timing_summary_postplace_pwropted.rpt"/>
  <File Type="PHYSOPT-DCP" Name="lab5dpath_physopt.dcp"/>
  <File Type="PHYSOPT-DRC" Name="lab5dpath_drc_physopted.rpt"/>
  <File Type="BITSTR-RBT" Name="lab5dpath.rbt"/>
  <File Type="PHYSOPT-TIMING" Name="lab5dpath_timing_summary_physopted.rpt"/>
  <File Type="ROUTE-ERROR-DCP" Name="lab5dpath_routed_error.dcp"/>
  <File Type="ROUTE-DCP" Name="lab5dpath_routed.dcp"/>
  <File Type="ROUTE-BLACKBOX-DCP" Name="lab5dpath_routed_bb.dcp"/>
  <File Type="ROUTE-DRC" Name="lab5dpath_drc_routed.rpt"/>
  <File Type="ROUTE-DRC-PB" Name="lab5dpath_drc_routed.pb"/>
  <File Type="ROUTE-DRC-RPX" Name="lab5dpath_drc_routed.rpx"/>
  <File Type="ROUTE-METHODOLOGY-DRC" Name="lab5dpath_methodology_drc_routed.rpt"/>
  <File Type="ROUTE-METHODOLOGY-DRC-RPX" Name="lab5dpath_methodology_drc_routed.rpx"/>
  <File Type="ROUTE-METHODOLOGY-DRC-PB" Name="lab5dpath_methodology_drc_routed.pb"/>
  <File Type="ROUTE-RQS-PB" Name="lab5dpath_rqs_routed.pb"/>
  <File Type="ROUTE-STATUS" Name="lab5dpath_route_status.rpt"/>
  <File Type="ROUTE-STATUS-PB" Name="lab5dpath_route_status.pb"/>
  <File Type="ROUTE-TIMINGSUMMARY" Name="lab5dpath_timing_summary_routed.rpt"/>
  <File Type="ROUTE-TIMING-PB" Name="lab5dpath_timing_summary_routed.pb"/>
  <File Type="ROUTE-TIMING-RPX" Name="lab5dpath_timing_summary_routed.rpx"/>
  <File Type="ROUTE-SIMILARITY" Name="lab5dpath_incremental_reuse_routed.rpt"/>
  <File Type="ROUTE-CLK" Name="lab5dpath_clock_utilization_routed.rpt"/>
  <File Type="ROUTE-BUS-SKEW" Name="lab5dpath_bus_skew_routed.rpt"/>
  <File Type="ROUTE-BUS-SKEW-PB" Name="lab5dpath_bus_skew_routed.pb"/>
  <File Type="ROUTE-BUS-SKEW-RPX" Name="lab5dpath_bus_skew_routed.rpx"/>
  <File Type="POSTROUTE-PHYSOPT-DCP" Name="lab5dpath_postroute_physopt.dcp"/>
  <File Type="POSTROUTE-PHYSOPT-BLACKBOX-DCP" Name="lab5dpath_postroute_physopt_bb.dcp"/>
  <File Type="POSTROUTE-PHYSOPT-TIMING" Name="lab5dpath_timing_summary_postroute_physopted.rpt"/>
  <File Type="POSTROUTE-PHYSOPT-TIMING-PB" Name="lab5dpath_timing_summary_postroute_physopted.pb"/>
  <File Type="POSTROUTE-PHYSOPT-TIMING-RPX" Name="lab5dpath_timing_summary_postroute_physopted.rpx"/>
  <File Type="POSTROUTE-PHYSOPT-BUS-SKEW" Name="lab5dpath_bus_skew_postroute_physopted.rpt"/>
  <File Type="BG-BIT" Name="lab5dpath.bit"/>
  <File Type="POSTROUTE-PHYSOPT-BUS-SKEW-PB" Name="lab5dpath_bus_skew_postroute_physopted.pb"/>
  <File Type="POSTROUTE-PHYSOPT-BUS-SKEW-RPX" Name="lab5dpath_bus_skew_postroute_physopted.rpx"/>
  <File Type="BITSTR-NKY" Name="lab5dpath.nky"/>
  <File Type="BITSTR-BMM" Name="lab5dpath_bd.bmm"/>
  <File Type="PDI-FILE" Name="lab5dpath.pdi"/>
  <File Type="BOOT-PDI-FILE" Name="lab5dpath_boot.pdi"/>
  <File Type="PL-PDI-FILE" Name="lab5dpath_pld.pdi"/>
  <File Type="RCFI_FILE" Name="lab5dpath.rcfi"/>
  <File Type="CFI_FILE" Name="lab5dpath.cfi"/>
  <File Type="RNPI_FILE" Name="lab5dpath.rnpi"/>
  <File Type="NPI_FILE" Name="lab5dpath.npi"/>
  <File Type="RBD_FILE" Name="lab5dpath.rbd"/>
  <File Type="BITSTR-LTX" Name="debug_nets.ltx"/>
  <File Type="BITSTR-LTX" Name="lab5dpath.ltx"/>
  <File Type="BITSTR-SYSDEF" Name="lab5dpath.sysdef"/>
  <File Type="BG-BGN" Name="lab5dpath.bgn"/>
  <File Type="BG-DRC" Name="lab5dpath.drc"/>
  <File Type="RDI-RDI" Name="lab5dpath.vdi"/>
  <File Type="WBT-USG" Name="usage_statistics_webtalk.html"/>
  <File Type="ROUTE-RQS" Name="lab5dpath_routed.rqs"/>
  <File Type="POSTROUTE-PHYSOPT-RQS" Name="lab5dpath_postroute_physopted.rqs"/>
  <File Type="ROUTE-RQS-RPT" Name="route_report_qor_suggestions_0.rpt"/>
  <File Type="POSTROUTE-PHYSOPT-RQS-RPT" Name="postroute_physopt_report_qor_suggestions_0.rpt"/>
  <FileSet Name="sources" Type="DesignSrcs" RelSrcDir="$PSRCDIR/sources_1" RelGenDir="$PGENDIR/sources_1">
    <Filter Type="Srcs"/>
    <File Path="$PPRDIR/../lab5dpath.sv">
      <FileInfo>
        <Attr Name="UsedIn" Val="synthesis"/>
        <Attr Name="UsedIn" Val="implementation"/>
        <Attr Name="UsedIn" Val="simulation"/>
      </FileInfo>
    </File>
    <File Path="$PSRCDIR/sources_1/ip/mult_gen_1/mult_gen_1.xci">
      <FileInfo>
        <Attr Name="AutoDisabled" Val="1"/>
        <Attr Name="UsedIn" Val="synthesis"/>
        <Attr Name="UsedIn" Val="implementation"/>
        <Attr Name="UsedIn" Val="simulation"/>
      </FileInfo>
    </File>
    <Config>
      <Option Name="DesignMode" Val="RTL"/>
      <Option Name="TopModule" Val="lab5dpath"/>
      <Option Name="TopAutoSet" Val="TRUE"/>
    </Config>
  </FileSet>
  <FileSet Name="constrs_in" Type="Constrs" RelSrcDir="$PSRCDIR/constrs_1" RelGenDir="$PGENDIR/constrs_1">
    <Filter Type="Constrs"/>
    <File Path="$PPRDIR/../../lab1/Basys3_Master.xdc">
      <FileInfo>
        <Attr Name="UsedIn" Val="synthesis"/>
        <Attr Name="UsedIn" Val="implementation"/>
      </FileInfo>
    </File>
    <Config>
      <Option Name="ConstrsType" Val="XDC"/>
    </Config>
  </FileSet>
  <FileSet Name="utils" Type="Utils" RelSrcDir="$PSRCDIR/utils_1" RelGenDir="$PGENDIR/utils_1">
    <Filter Type="Utils"/>
    <File Path="$PSRCDIR/utils_1/imports/synth_1/lab5dpath.dcp">
      <FileInfo>
        <Attr Name="UsedIn" Val="synthesis"/>
        <Attr Name="UsedIn" Val="implementation"/>
        <Attr Name="UsedInSteps" Val="synth_1"/>
        <Attr Name="AutoDcp" Val="1"/>
      </FileInfo>
    </File>
    <Config>
      <Option Name="TopAutoSet" Val="TRUE"/>
    </Config>
  </FileSet>
  <Strategy Version="1" Minor="2">
    <StratHandle Name="Vivado Implementation Defaults" Flow="Vivado Implementation 2023"/>
    <Step Id="init_design"/>
    <Step Id="opt_design"/>
    <Step Id="power_opt_design"/>
    <Step Id="place_design"/>
    <Step Id="post_place_power_opt_design"/>
    <Step Id="phys_opt_design"/>
    <Step Id="route_design"/>
    <Step Id="post_route_phys_opt_design"/>
    <Step Id="write_bitstream"/>
  </Strategy>
  <BlockFileSet Type="BlockSrcs" Name="mult_gen_2"/>
</GenRun>
