<?xml version="1.0" encoding="UTF-8"?>
<GenRun Id="synth_1" LaunchPart="xc7a12ticsg325-1L" LaunchTime="1713405388">
  <File Type="PA-TCL" Name="fifo.tcl"/>
  <File Type="RDS-PROPCONSTRS" Name="fifo_drc_synth.rpt"/>
  <File Type="REPORTS-TCL" Name="fifo_reports.tcl"/>
  <File Type="RDS-RDS" Name="fifo.vds"/>
  <File Type="RDS-UTIL" Name="fifo_utilization_synth.rpt"/>
  <File Type="RDS-UTIL-PB" Name="fifo_utilization_synth.pb"/>
  <File Type="RDS-DCP" Name="fifo.dcp"/>
  <File Type="VDS-TIMINGSUMMARY" Name="fifo_timing_summary_synth.rpt"/>
  <File Type="VDS-TIMING-PB" Name="fifo_timing_summary_synth.pb"/>
  <FileSet Name="sources" Type="DesignSrcs" RelSrcDir="$PSRCDIR/sources_1" RelGenDir="$PGENDIR/sources_1">
    <Filter Type="Srcs"/>
    <File Path="$PSRCDIR/sources_1/imports/lab8/fifo.v">
      <FileInfo SFType="SVerilog">
        <Attr Name="ImportPath" Val="$PPRDIR/../fifo.v"/>
        <Attr Name="ImportTime" Val="1706107606"/>
        <Attr Name="UsedIn" Val="synthesis"/>
        <Attr Name="UsedIn" Val="implementation"/>
        <Attr Name="UsedIn" Val="simulation"/>
      </FileInfo>
    </File>
    <Config>
      <Option Name="DesignMode" Val="RTL"/>
      <Option Name="TopModule" Val="fifo"/>
      <Option Name="TopAutoSet" Val="TRUE"/>
    </Config>
  </FileSet>
  <FileSet Name="constrs_in" Type="Constrs" RelSrcDir="$PSRCDIR/constrs_1" RelGenDir="$PGENDIR/constrs_1">
    <Filter Type="Constrs"/>
    <Config>
      <Option Name="ConstrsType" Val="XDC"/>
    </Config>
  </FileSet>
  <FileSet Name="utils" Type="Utils" RelSrcDir="$PSRCDIR/utils_1" RelGenDir="$PGENDIR/utils_1">
    <Filter Type="Utils"/>
    <Config>
      <Option Name="TopAutoSet" Val="TRUE"/>
    </Config>
  </FileSet>
  <Strategy Version="1" Minor="2">
    <StratHandle Name="Vivado Synthesis Defaults" Flow="Vivado Synthesis 2023"/>
    <Step Id="synth_design"/>
  </Strategy>
  <BlockFileSet Type="BlockSrcs" Name="blk_mem_gen_0"/>
</GenRun>
