<?xml version="1.0" encoding="UTF-8"?>
<GenRun Id="synth_1" LaunchPart="xc7a35tcpg236-1" LaunchTime="1713394531" LaunchIncrCheckpoint="$PSRCDIR/utils_1/imports/synth_1/timertop.dcp">
  <File Type="PA-TCL" Name="timertop.tcl"/>
  <File Type="RDS-PROPCONSTRS" Name="timertop_drc_synth.rpt"/>
  <File Type="REPORTS-TCL" Name="timertop_reports.tcl"/>
  <File Type="RDS-RDS" Name="timertop.vds"/>
  <File Type="RDS-UTIL" Name="timertop_utilization_synth.rpt"/>
  <File Type="RDS-UTIL-PB" Name="timertop_utilization_synth.pb"/>
  <File Type="RDS-DCP" Name="timertop.dcp"/>
  <File Type="VDS-TIMINGSUMMARY" Name="timertop_timing_summary_synth.rpt"/>
  <File Type="VDS-TIMING-PB" Name="timertop_timing_summary_synth.pb"/>
  <FileSet Name="sources" Type="DesignSrcs" RelSrcDir="$PSRCDIR/sources_1" RelGenDir="$PGENDIR/sources_1">
    <Filter Type="Srcs"/>
    <File Path="$PSRCDIR/sources_1/imports/lab7_p1_files/timer32.sv">
      <FileInfo>
        <Attr Name="ImportPath" Val="$PPRDIR/../lab7_part2/lab7_part2.srcs/sources_1/imports/lab7_p1_files/timer32.sv"/>
        <Attr Name="ImportTime" Val="1713313618"/>
        <Attr Name="UsedIn" Val="synthesis"/>
        <Attr Name="UsedIn" Val="implementation"/>
        <Attr Name="UsedIn" Val="simulation"/>
      </FileInfo>
    </File>
    <File Path="$PSRCDIR/sources_1/imports/lab7_p3_files/timer_p3.sv">
      <FileInfo>
        <Attr Name="ImportPath" Val="$PPRDIR/../lab7_p3_files/timer_p3.sv"/>
        <Attr Name="ImportTime" Val="1712757581"/>
        <Attr Name="UsedIn" Val="synthesis"/>
        <Attr Name="UsedIn" Val="implementation"/>
        <Attr Name="UsedIn" Val="simulation"/>
      </FileInfo>
    </File>
    <Config>
      <Option Name="DesignMode" Val="RTL"/>
      <Option Name="TopModule" Val="timertop"/>
      <Option Name="TopAutoSet" Val="TRUE"/>
    </Config>
  </FileSet>
  <FileSet Name="constrs_in" Type="Constrs" RelSrcDir="$PSRCDIR/constrs_1" RelGenDir="$PGENDIR/constrs_1">
    <Filter Type="Constrs"/>
    <File Path="$PSRCDIR/constrs_1/imports/lab7_p3_files/Basys3_Master.xdc">
      <FileInfo>
        <Attr Name="ImportPath" Val="$PPRDIR/../lab7_p3_files/Basys3_Master.xdc"/>
        <Attr Name="ImportTime" Val="1706107606"/>
        <Attr Name="UsedIn" Val="synthesis"/>
        <Attr Name="UsedIn" Val="implementation"/>
      </FileInfo>
    </File>
    <Config>
      <Option Name="ConstrsType" Val="XDC"/>
    </Config>
  </FileSet>
  <FileSet Name="utils" Type="Utils" RelSrcDir="$PSRCDIR/utils_1" RelGenDir="$PGENDIR/utils_1">
    <Filter Type="Utils"/>
    <File Path="$PSRCDIR/utils_1/imports/synth_1/timertop.dcp">
      <FileInfo>
        <Attr Name="UsedIn" Val="synthesis"/>
        <Attr Name="UsedIn" Val="implementation"/>
        <Attr Name="UsedInSteps" Val="synth_1"/>
        <Attr Name="AutoDcp" Val="1"/>
      </FileInfo>
    </File>
    <Config>
      <Option Name="TopAutoSet" Val="TRUE"/>
    </Config>
  </FileSet>
  <Strategy Version="1" Minor="2">
    <StratHandle Name="Vivado Synthesis Defaults" Flow="Vivado Synthesis 2023"/>
    <Step Id="synth_design"/>
  </Strategy>
  <BlockFileSet Type="BlockSrcs" Name="clk_wiz_0"/>
</GenRun>
