<?xml version="1.0" encoding="UTF-8"?>
<GenRun Id="impl_1" LaunchPart="xc7a12ticsg325-1L" LaunchTime="1713313910">
  <File Type="ROUTE-PWR" Name="timer32bus_power_routed.rpt"/>
  <File Type="PA-TCL" Name="timer32bus.tcl"/>
  <File Type="ROUTE-PWR-SUM" Name="timer32bus_power_summary_routed.pb"/>
  <File Type="REPORTS-TCL" Name="timer32bus_reports.tcl"/>
  <File Type="OPT-RQA-PB" Name="timer32bus_rqa_opted.pb"/>
  <File Type="BITSTR-MMI" Name="timer32bus.mmi"/>
  <File Type="OPT-METHODOLOGY-DRC" Name="timer32bus_methodology_drc_opted.rpt"/>
  <File Type="INIT-TIMING" Name="timer32bus_timing_summary_init.rpt"/>
  <File Type="OPT-TIMING" Name="timer32bus_timing_summary_opted.rpt"/>
  <File Type="OPT-DCP" Name="timer32bus_opt.dcp"/>
  <File Type="OPT-DRC" Name="timer32bus_drc_opted.rpt"/>
  <File Type="OPT-HWDEF" Name="timer32bus.hwdef"/>
  <File Type="PWROPT-DCP" Name="timer32bus_pwropt.dcp"/>
  <File Type="PWROPT-DRC" Name="timer32bus_drc_pwropted.rpt"/>
  <File Type="PWROPT-TIMING" Name="timer32bus_timing_summary_pwropted.rpt"/>
  <File Type="PLACE-DCP" Name="timer32bus_placed.dcp"/>
  <File Type="PLACE-IO" Name="timer32bus_io_placed.rpt"/>
  <File Type="PLACE-CLK" Name="timer32bus_clock_utilization_placed.rpt"/>
  <File Type="PLACE-UTIL" Name="timer32bus_utilization_placed.rpt"/>
  <File Type="PLACE-UTIL-PB" Name="timer32bus_utilization_placed.pb"/>
  <File Type="PLACE-CTRL" Name="timer32bus_control_sets_placed.rpt"/>
  <File Type="PLACE-SIMILARITY" Name="timer32bus_incremental_reuse_placed.rpt"/>
  <File Type="PLACE-PRE-SIMILARITY" Name="timer32bus_incremental_reuse_pre_placed.rpt"/>
  <File Type="BG-BIN" Name="timer32bus.bin"/>
  <File Type="PLACE-TIMING" Name="timer32bus_timing_summary_placed.rpt"/>
  <File Type="ROUTE-PWR-RPX" Name="timer32bus_power_routed.rpx"/>
  <File Type="PLACE-RQA-PB" Name="timer32bus_rqa_placed.pb"/>
  <File Type="POSTPLACE-PWROPT-DCP" Name="timer32bus_postplace_pwropt.dcp"/>
  <File Type="BITSTR-MSK" Name="timer32bus.msk"/>
  <File Type="POSTPLACE-PWROPT-TIMING" Name="timer32bus_timing_summary_postplace_pwropted.rpt"/>
  <File Type="PHYSOPT-DCP" Name="timer32bus_physopt.dcp"/>
  <File Type="PHYSOPT-DRC" Name="timer32bus_drc_physopted.rpt"/>
  <File Type="BITSTR-RBT" Name="timer32bus.rbt"/>
  <File Type="PHYSOPT-TIMING" Name="timer32bus_timing_summary_physopted.rpt"/>
  <File Type="ROUTE-ERROR-DCP" Name="timer32bus_routed_error.dcp"/>
  <File Type="ROUTE-DCP" Name="timer32bus_routed.dcp"/>
  <File Type="ROUTE-BLACKBOX-DCP" Name="timer32bus_routed_bb.dcp"/>
  <File Type="ROUTE-DRC" Name="timer32bus_drc_routed.rpt"/>
  <File Type="ROUTE-DRC-PB" Name="timer32bus_drc_routed.pb"/>
  <File Type="ROUTE-DRC-RPX" Name="timer32bus_drc_routed.rpx"/>
  <File Type="ROUTE-METHODOLOGY-DRC" Name="timer32bus_methodology_drc_routed.rpt"/>
  <File Type="ROUTE-METHODOLOGY-DRC-RPX" Name="timer32bus_methodology_drc_routed.rpx"/>
  <File Type="ROUTE-METHODOLOGY-DRC-PB" Name="timer32bus_methodology_drc_routed.pb"/>
  <File Type="ROUTE-RQS-PB" Name="timer32bus_rqs_routed.pb"/>
  <File Type="ROUTE-STATUS" Name="timer32bus_route_status.rpt"/>
  <File Type="ROUTE-STATUS-PB" Name="timer32bus_route_status.pb"/>
  <File Type="ROUTE-TIMINGSUMMARY" Name="timer32bus_timing_summary_routed.rpt"/>
  <File Type="ROUTE-TIMING-PB" Name="timer32bus_timing_summary_routed.pb"/>
  <File Type="ROUTE-TIMING-RPX" Name="timer32bus_timing_summary_routed.rpx"/>
  <File Type="ROUTE-SIMILARITY" Name="timer32bus_incremental_reuse_routed.rpt"/>
  <File Type="ROUTE-CLK" Name="timer32bus_clock_utilization_routed.rpt"/>
  <File Type="ROUTE-BUS-SKEW" Name="timer32bus_bus_skew_routed.rpt"/>
  <File Type="ROUTE-BUS-SKEW-PB" Name="timer32bus_bus_skew_routed.pb"/>
  <File Type="ROUTE-BUS-SKEW-RPX" Name="timer32bus_bus_skew_routed.rpx"/>
  <File Type="POSTROUTE-PHYSOPT-DCP" Name="timer32bus_postroute_physopt.dcp"/>
  <File Type="POSTROUTE-PHYSOPT-BLACKBOX-DCP" Name="timer32bus_postroute_physopt_bb.dcp"/>
  <File Type="POSTROUTE-PHYSOPT-TIMING" Name="timer32bus_timing_summary_postroute_physopted.rpt"/>
  <File Type="POSTROUTE-PHYSOPT-TIMING-PB" Name="timer32bus_timing_summary_postroute_physopted.pb"/>
  <File Type="POSTROUTE-PHYSOPT-TIMING-RPX" Name="timer32bus_timing_summary_postroute_physopted.rpx"/>
  <File Type="POSTROUTE-PHYSOPT-BUS-SKEW" Name="timer32bus_bus_skew_postroute_physopted.rpt"/>
  <File Type="BG-BIT" Name="timer32bus.bit"/>
  <File Type="POSTROUTE-PHYSOPT-BUS-SKEW-PB" Name="timer32bus_bus_skew_postroute_physopted.pb"/>
  <File Type="POSTROUTE-PHYSOPT-BUS-SKEW-RPX" Name="timer32bus_bus_skew_postroute_physopted.rpx"/>
  <File Type="BITSTR-NKY" Name="timer32bus.nky"/>
  <File Type="BITSTR-BMM" Name="timer32bus_bd.bmm"/>
  <File Type="PDI-FILE" Name="timer32bus.pdi"/>
  <File Type="BOOT-PDI-FILE" Name="timer32bus_boot.pdi"/>
  <File Type="PL-PDI-FILE" Name="timer32bus_pld.pdi"/>
  <File Type="RCFI_FILE" Name="timer32bus.rcfi"/>
  <File Type="CFI_FILE" Name="timer32bus.cfi"/>
  <File Type="RNPI_FILE" Name="timer32bus.rnpi"/>
  <File Type="NPI_FILE" Name="timer32bus.npi"/>
  <File Type="RBD_FILE" Name="timer32bus.rbd"/>
  <File Type="BITSTR-LTX" Name="debug_nets.ltx"/>
  <File Type="BITSTR-LTX" Name="timer32bus.ltx"/>
  <File Type="BITSTR-SYSDEF" Name="timer32bus.sysdef"/>
  <File Type="BG-BGN" Name="timer32bus.bgn"/>
  <File Type="BG-DRC" Name="timer32bus.drc"/>
  <File Type="RDI-RDI" Name="timer32bus.vdi"/>
  <File Type="WBT-USG" Name="usage_statistics_webtalk.html"/>
  <File Type="ROUTE-RQS" Name="timer32bus_routed.rqs"/>
  <File Type="POSTROUTE-PHYSOPT-RQS" Name="timer32bus_postroute_physopted.rqs"/>
  <File Type="ROUTE-RQS-RPT" Name="route_report_qor_suggestions_0.rpt"/>
  <File Type="POSTROUTE-PHYSOPT-RQS-RPT" Name="postroute_physopt_report_qor_suggestions_0.rpt"/>
  <FileSet Name="sources" Type="DesignSrcs" RelSrcDir="$PSRCDIR/sources_1" RelGenDir="$PGENDIR/sources_1">
    <Filter Type="Srcs"/>
    <File Path="$PSRCDIR/sources_1/imports/lab7_p1_files/timer32.sv">
      <FileInfo>
        <Attr Name="ImportPath" Val="$PPRDIR/../Part 1/Part 1.srcs/sources_1/imports/lab7_p1_files/timer32.sv"/>
        <Attr Name="ImportTime" Val="1712798092"/>
        <Attr Name="UsedIn" Val="synthesis"/>
        <Attr Name="UsedIn" Val="implementation"/>
        <Attr Name="UsedIn" Val="simulation"/>
      </FileInfo>
    </File>
    <File Path="$PSRCDIR/sources_1/new/timer32bus.sv">
      <FileInfo>
        <Attr Name="UsedIn" Val="synthesis"/>
        <Attr Name="UsedIn" Val="implementation"/>
        <Attr Name="UsedIn" Val="simulation"/>
      </FileInfo>
    </File>
    <Config>
      <Option Name="DesignMode" Val="RTL"/>
      <Option Name="TopModule" Val="timer32bus"/>
      <Option Name="TopAutoSet" Val="TRUE"/>
    </Config>
  </FileSet>
  <FileSet Name="constrs_in" Type="Constrs" RelSrcDir="$PSRCDIR/constrs_1" RelGenDir="$PGENDIR/constrs_1">
    <Filter Type="Constrs"/>
    <Config>
      <Option Name="ConstrsType" Val="XDC"/>
    </Config>
  </FileSet>
  <FileSet Name="utils" Type="Utils" RelSrcDir="$PSRCDIR/utils_1" RelGenDir="$PGENDIR/utils_1">
    <Filter Type="Utils"/>
    <File Path="$PSRCDIR/utils_1/imports/synth_1/timer32.dcp">
      <FileInfo>
        <Attr Name="UsedIn" Val="synthesis"/>
        <Attr Name="UsedIn" Val="implementation"/>
        <Attr Name="UsedInSteps" Val="synth_1"/>
        <Attr Name="AutoDcp" Val="1"/>
      </FileInfo>
    </File>
    <Config>
      <Option Name="TopAutoSet" Val="TRUE"/>
    </Config>
  </FileSet>
  <Strategy Version="1" Minor="2">
    <StratHandle Name="Vivado Implementation Defaults" Flow="Vivado Implementation 2023"/>
    <Step Id="init_design"/>
    <Step Id="opt_design"/>
    <Step Id="power_opt_design"/>
    <Step Id="place_design"/>
    <Step Id="post_place_power_opt_design"/>
    <Step Id="phys_opt_design"/>
    <Step Id="route_design"/>
    <Step Id="post_route_phys_opt_design"/>
    <Step Id="write_bitstream"/>
  </Strategy>
</GenRun>
