<?xml version="1.0" encoding="UTF-8"?>
<GenRun Id="synth_1" LaunchPart="xc7a12ticsg325-1L" LaunchTime="1708565475" LaunchIncrCheckpoint="$PSRCDIR/utils_1/imports/synth_1/lab4dpath.dcp">
  <File Type="PA-TCL" Name="lab4dpath.tcl"/>
  <File Type="RDS-PROPCONSTRS" Name="lab4dpath_drc_synth.rpt"/>
  <File Type="REPORTS-TCL" Name="lab4dpath_reports.tcl"/>
  <File Type="RDS-RDS" Name="lab4dpath.vds"/>
  <File Type="RDS-UTIL" Name="lab4dpath_utilization_synth.rpt"/>
  <File Type="RDS-UTIL-PB" Name="lab4dpath_utilization_synth.pb"/>
  <File Type="RDS-DCP" Name="lab4dpath.dcp"/>
  <File Type="VDS-TIMINGSUMMARY" Name="lab4dpath_timing_summary_synth.rpt"/>
  <File Type="VDS-TIMING-PB" Name="lab4dpath_timing_summary_synth.pb"/>
  <FileSet Name="sources" Type="DesignSrcs" RelSrcDir="$PSRCDIR/sources_1" RelGenDir="$PGENDIR/sources_1">
    <Filter Type="Srcs"/>
    <File Path="$PPRDIR/../lab4dpath.sv">
      <FileInfo>
        <Attr Name="UsedIn" Val="synthesis"/>
        <Attr Name="UsedIn" Val="implementation"/>
        <Attr Name="UsedIn" Val="simulation"/>
      </FileInfo>
    </File>
    <Config>
      <Option Name="DesignMode" Val="RTL"/>
      <Option Name="TopModule" Val="lab4dpath"/>
      <Option Name="TopAutoSet" Val="TRUE"/>
    </Config>
  </FileSet>
  <FileSet Name="constrs_in" Type="Constrs" RelSrcDir="$PSRCDIR/constrs_1" RelGenDir="$PGENDIR/constrs_1">
    <Filter Type="Constrs"/>
    <File Path="$PPRDIR/Basys3_Master.xdc">
      <FileInfo>
        <Attr Name="UsedIn" Val="synthesis"/>
        <Attr Name="UsedIn" Val="implementation"/>
      </FileInfo>
    </File>
    <Config>
      <Option Name="ConstrsType" Val="XDC"/>
    </Config>
  </FileSet>
  <FileSet Name="utils" Type="Utils" RelSrcDir="$PSRCDIR/utils_1" RelGenDir="$PGENDIR/utils_1">
    <Filter Type="Utils"/>
    <File Path="$PSRCDIR/utils_1/imports/synth_1/lab4dpath.dcp">
      <FileInfo>
        <Attr Name="UsedIn" Val="synthesis"/>
        <Attr Name="UsedIn" Val="implementation"/>
        <Attr Name="UsedInSteps" Val="synth_1"/>
        <Attr Name="AutoDcp" Val="1"/>
      </FileInfo>
    </File>
    <Config>
      <Option Name="TopAutoSet" Val="TRUE"/>
    </Config>
  </FileSet>
  <Strategy Version="1" Minor="2">
    <StratHandle Name="Vivado Synthesis Defaults" Flow="Vivado Synthesis 2023"/>
    <Step Id="synth_design"/>
  </Strategy>
  <BlockFileSet Type="BlockSrcs" Name="mult_gen_0"/>
</GenRun>
