<?xml version="1.0" encoding="UTF-8"?>
<GenRun Id="impl_1" LaunchPart="xc7a35tcpg236-1" LaunchTime="1713394600">
  <File Type="ROUTE-PWR" Name="timertop_power_routed.rpt"/>
  <File Type="PA-TCL" Name="timertop.tcl"/>
  <File Type="ROUTE-PWR-SUM" Name="timertop_power_summary_routed.pb"/>
  <File Type="REPORTS-TCL" Name="timertop_reports.tcl"/>
  <File Type="OPT-RQA-PB" Name="timertop_rqa_opted.pb"/>
  <File Type="BITSTR-MMI" Name="timertop.mmi"/>
  <File Type="OPT-METHODOLOGY-DRC" Name="timertop_methodology_drc_opted.rpt"/>
  <File Type="INIT-TIMING" Name="timertop_timing_summary_init.rpt"/>
  <File Type="OPT-TIMING" Name="timertop_timing_summary_opted.rpt"/>
  <File Type="OPT-DCP" Name="timertop_opt.dcp"/>
  <File Type="OPT-DRC" Name="timertop_drc_opted.rpt"/>
  <File Type="OPT-HWDEF" Name="timertop.hwdef"/>
  <File Type="PWROPT-DCP" Name="timertop_pwropt.dcp"/>
  <File Type="PWROPT-DRC" Name="timertop_drc_pwropted.rpt"/>
  <File Type="PWROPT-TIMING" Name="timertop_timing_summary_pwropted.rpt"/>
  <File Type="PLACE-DCP" Name="timertop_placed.dcp"/>
  <File Type="PLACE-IO" Name="timertop_io_placed.rpt"/>
  <File Type="PLACE-CLK" Name="timertop_clock_utilization_placed.rpt"/>
  <File Type="PLACE-UTIL" Name="timertop_utilization_placed.rpt"/>
  <File Type="PLACE-UTIL-PB" Name="timertop_utilization_placed.pb"/>
  <File Type="PLACE-CTRL" Name="timertop_control_sets_placed.rpt"/>
  <File Type="PLACE-SIMILARITY" Name="timertop_incremental_reuse_placed.rpt"/>
  <File Type="PLACE-PRE-SIMILARITY" Name="timertop_incremental_reuse_pre_placed.rpt"/>
  <File Type="BG-BIN" Name="timertop.bin"/>
  <File Type="PLACE-TIMING" Name="timertop_timing_summary_placed.rpt"/>
  <File Type="ROUTE-PWR-RPX" Name="timertop_power_routed.rpx"/>
  <File Type="PLACE-RQA-PB" Name="timertop_rqa_placed.pb"/>
  <File Type="POSTPLACE-PWROPT-DCP" Name="timertop_postplace_pwropt.dcp"/>
  <File Type="BITSTR-MSK" Name="timertop.msk"/>
  <File Type="POSTPLACE-PWROPT-TIMING" Name="timertop_timing_summary_postplace_pwropted.rpt"/>
  <File Type="PHYSOPT-DCP" Name="timertop_physopt.dcp"/>
  <File Type="PHYSOPT-DRC" Name="timertop_drc_physopted.rpt"/>
  <File Type="BITSTR-RBT" Name="timertop.rbt"/>
  <File Type="PHYSOPT-TIMING" Name="timertop_timing_summary_physopted.rpt"/>
  <File Type="ROUTE-ERROR-DCP" Name="timertop_routed_error.dcp"/>
  <File Type="ROUTE-DCP" Name="timertop_routed.dcp"/>
  <File Type="ROUTE-BLACKBOX-DCP" Name="timertop_routed_bb.dcp"/>
  <File Type="ROUTE-DRC" Name="timertop_drc_routed.rpt"/>
  <File Type="ROUTE-DRC-PB" Name="timertop_drc_routed.pb"/>
  <File Type="ROUTE-DRC-RPX" Name="timertop_drc_routed.rpx"/>
  <File Type="ROUTE-METHODOLOGY-DRC" Name="timertop_methodology_drc_routed.rpt"/>
  <File Type="ROUTE-METHODOLOGY-DRC-RPX" Name="timertop_methodology_drc_routed.rpx"/>
  <File Type="ROUTE-METHODOLOGY-DRC-PB" Name="timertop_methodology_drc_routed.pb"/>
  <File Type="ROUTE-RQS-PB" Name="timertop_rqs_routed.pb"/>
  <File Type="ROUTE-STATUS" Name="timertop_route_status.rpt"/>
  <File Type="ROUTE-STATUS-PB" Name="timertop_route_status.pb"/>
  <File Type="ROUTE-TIMINGSUMMARY" Name="timertop_timing_summary_routed.rpt"/>
  <File Type="ROUTE-TIMING-PB" Name="timertop_timing_summary_routed.pb"/>
  <File Type="ROUTE-TIMING-RPX" Name="timertop_timing_summary_routed.rpx"/>
  <File Type="ROUTE-SIMILARITY" Name="timertop_incremental_reuse_routed.rpt"/>
  <File Type="ROUTE-CLK" Name="timertop_clock_utilization_routed.rpt"/>
  <File Type="ROUTE-BUS-SKEW" Name="timertop_bus_skew_routed.rpt"/>
  <File Type="ROUTE-BUS-SKEW-PB" Name="timertop_bus_skew_routed.pb"/>
  <File Type="ROUTE-BUS-SKEW-RPX" Name="timertop_bus_skew_routed.rpx"/>
  <File Type="POSTROUTE-PHYSOPT-DCP" Name="timertop_postroute_physopt.dcp"/>
  <File Type="POSTROUTE-PHYSOPT-BLACKBOX-DCP" Name="timertop_postroute_physopt_bb.dcp"/>
  <File Type="POSTROUTE-PHYSOPT-TIMING" Name="timertop_timing_summary_postroute_physopted.rpt"/>
  <File Type="POSTROUTE-PHYSOPT-TIMING-PB" Name="timertop_timing_summary_postroute_physopted.pb"/>
  <File Type="POSTROUTE-PHYSOPT-TIMING-RPX" Name="timertop_timing_summary_postroute_physopted.rpx"/>
  <File Type="POSTROUTE-PHYSOPT-BUS-SKEW" Name="timertop_bus_skew_postroute_physopted.rpt"/>
  <File Type="BG-BIT" Name="timertop.bit"/>
  <File Type="POSTROUTE-PHYSOPT-BUS-SKEW-PB" Name="timertop_bus_skew_postroute_physopted.pb"/>
  <File Type="POSTROUTE-PHYSOPT-BUS-SKEW-RPX" Name="timertop_bus_skew_postroute_physopted.rpx"/>
  <File Type="BITSTR-NKY" Name="timertop.nky"/>
  <File Type="BITSTR-BMM" Name="timertop_bd.bmm"/>
  <File Type="PDI-FILE" Name="timertop.pdi"/>
  <File Type="BOOT-PDI-FILE" Name="timertop_boot.pdi"/>
  <File Type="PL-PDI-FILE" Name="timertop_pld.pdi"/>
  <File Type="RCFI_FILE" Name="timertop.rcfi"/>
  <File Type="CFI_FILE" Name="timertop.cfi"/>
  <File Type="RNPI_FILE" Name="timertop.rnpi"/>
  <File Type="NPI_FILE" Name="timertop.npi"/>
  <File Type="RBD_FILE" Name="timertop.rbd"/>
  <File Type="BITSTR-LTX" Name="debug_nets.ltx"/>
  <File Type="BITSTR-LTX" Name="timertop.ltx"/>
  <File Type="BITSTR-SYSDEF" Name="timertop.sysdef"/>
  <File Type="BG-BGN" Name="timertop.bgn"/>
  <File Type="BG-DRC" Name="timertop.drc"/>
  <File Type="RDI-RDI" Name="timertop.vdi"/>
  <File Type="WBT-USG" Name="usage_statistics_webtalk.html"/>
  <File Type="ROUTE-RQS" Name="timertop_routed.rqs"/>
  <File Type="POSTROUTE-PHYSOPT-RQS" Name="timertop_postroute_physopted.rqs"/>
  <File Type="ROUTE-RQS-RPT" Name="route_report_qor_suggestions_0.rpt"/>
  <File Type="POSTROUTE-PHYSOPT-RQS-RPT" Name="postroute_physopt_report_qor_suggestions_0.rpt"/>
  <FileSet Name="sources" Type="DesignSrcs" RelSrcDir="$PSRCDIR/sources_1" RelGenDir="$PGENDIR/sources_1">
    <Filter Type="Srcs"/>
    <File Path="$PSRCDIR/sources_1/imports/lab7_p1_files/timer32.sv">
      <FileInfo>
        <Attr Name="ImportPath" Val="$PPRDIR/../lab7_part2/lab7_part2.srcs/sources_1/imports/lab7_p1_files/timer32.sv"/>
        <Attr Name="ImportTime" Val="1713313618"/>
        <Attr Name="UsedIn" Val="synthesis"/>
        <Attr Name="UsedIn" Val="implementation"/>
        <Attr Name="UsedIn" Val="simulation"/>
      </FileInfo>
    </File>
    <File Path="$PSRCDIR/sources_1/imports/lab7_p3_files/timer_p3.sv">
      <FileInfo>
        <Attr Name="ImportPath" Val="$PPRDIR/../lab7_p3_files/timer_p3.sv"/>
        <Attr Name="ImportTime" Val="1712757581"/>
        <Attr Name="UsedIn" Val="synthesis"/>
        <Attr Name="UsedIn" Val="implementation"/>
        <Attr Name="UsedIn" Val="simulation"/>
      </FileInfo>
    </File>
    <Config>
      <Option Name="DesignMode" Val="RTL"/>
      <Option Name="TopModule" Val="timertop"/>
      <Option Name="TopAutoSet" Val="TRUE"/>
    </Config>
  </FileSet>
  <FileSet Name="constrs_in" Type="Constrs" RelSrcDir="$PSRCDIR/constrs_1" RelGenDir="$PGENDIR/constrs_1">
    <Filter Type="Constrs"/>
    <File Path="$PSRCDIR/constrs_1/imports/lab7_p3_files/Basys3_Master.xdc">
      <FileInfo>
        <Attr Name="ImportPath" Val="$PPRDIR/../lab7_p3_files/Basys3_Master.xdc"/>
        <Attr Name="ImportTime" Val="1706107606"/>
        <Attr Name="UsedIn" Val="synthesis"/>
        <Attr Name="UsedIn" Val="implementation"/>
      </FileInfo>
    </File>
    <Config>
      <Option Name="ConstrsType" Val="XDC"/>
    </Config>
  </FileSet>
  <FileSet Name="utils" Type="Utils" RelSrcDir="$PSRCDIR/utils_1" RelGenDir="$PGENDIR/utils_1">
    <Filter Type="Utils"/>
    <File Path="$PSRCDIR/utils_1/imports/synth_1/timertop.dcp">
      <FileInfo>
        <Attr Name="UsedIn" Val="synthesis"/>
        <Attr Name="UsedIn" Val="implementation"/>
        <Attr Name="UsedInSteps" Val="synth_1"/>
        <Attr Name="AutoDcp" Val="1"/>
      </FileInfo>
    </File>
    <Config>
      <Option Name="TopAutoSet" Val="TRUE"/>
    </Config>
  </FileSet>
  <Strategy Version="1" Minor="2">
    <StratHandle Name="Vivado Implementation Defaults" Flow="Vivado Implementation 2023"/>
    <Step Id="init_design"/>
    <Step Id="opt_design"/>
    <Step Id="power_opt_design"/>
    <Step Id="place_design"/>
    <Step Id="post_place_power_opt_design"/>
    <Step Id="phys_opt_design"/>
    <Step Id="route_design"/>
    <Step Id="post_route_phys_opt_design"/>
    <Step Id="write_bitstream"/>
  </Strategy>
  <BlockFileSet Type="BlockSrcs" Name="clk_wiz_0"/>
</GenRun>
