<?xml version="1.0" encoding="UTF-8"?>
<GenRun Id="impl_1" LaunchPart="xc7a12ticsg325-1L" LaunchTime="1713405444">
  <File Type="ROUTE-PWR" Name="fifo_power_routed.rpt"/>
  <File Type="PA-TCL" Name="fifo.tcl"/>
  <File Type="ROUTE-PWR-SUM" Name="fifo_power_summary_routed.pb"/>
  <File Type="REPORTS-TCL" Name="fifo_reports.tcl"/>
  <File Type="OPT-RQA-PB" Name="fifo_rqa_opted.pb"/>
  <File Type="BITSTR-MMI" Name="fifo.mmi"/>
  <File Type="OPT-METHODOLOGY-DRC" Name="fifo_methodology_drc_opted.rpt"/>
  <File Type="INIT-TIMING" Name="fifo_timing_summary_init.rpt"/>
  <File Type="OPT-TIMING" Name="fifo_timing_summary_opted.rpt"/>
  <File Type="OPT-DCP" Name="fifo_opt.dcp"/>
  <File Type="OPT-DRC" Name="fifo_drc_opted.rpt"/>
  <File Type="OPT-HWDEF" Name="fifo.hwdef"/>
  <File Type="PWROPT-DCP" Name="fifo_pwropt.dcp"/>
  <File Type="PWROPT-DRC" Name="fifo_drc_pwropted.rpt"/>
  <File Type="PWROPT-TIMING" Name="fifo_timing_summary_pwropted.rpt"/>
  <File Type="PLACE-DCP" Name="fifo_placed.dcp"/>
  <File Type="PLACE-IO" Name="fifo_io_placed.rpt"/>
  <File Type="PLACE-CLK" Name="fifo_clock_utilization_placed.rpt"/>
  <File Type="PLACE-UTIL" Name="fifo_utilization_placed.rpt"/>
  <File Type="PLACE-UTIL-PB" Name="fifo_utilization_placed.pb"/>
  <File Type="PLACE-CTRL" Name="fifo_control_sets_placed.rpt"/>
  <File Type="PLACE-SIMILARITY" Name="fifo_incremental_reuse_placed.rpt"/>
  <File Type="PLACE-PRE-SIMILARITY" Name="fifo_incremental_reuse_pre_placed.rpt"/>
  <File Type="BG-BIN" Name="fifo.bin"/>
  <File Type="PLACE-TIMING" Name="fifo_timing_summary_placed.rpt"/>
  <File Type="ROUTE-PWR-RPX" Name="fifo_power_routed.rpx"/>
  <File Type="PLACE-RQA-PB" Name="fifo_rqa_placed.pb"/>
  <File Type="POSTPLACE-PWROPT-DCP" Name="fifo_postplace_pwropt.dcp"/>
  <File Type="BITSTR-MSK" Name="fifo.msk"/>
  <File Type="POSTPLACE-PWROPT-TIMING" Name="fifo_timing_summary_postplace_pwropted.rpt"/>
  <File Type="PHYSOPT-DCP" Name="fifo_physopt.dcp"/>
  <File Type="PHYSOPT-DRC" Name="fifo_drc_physopted.rpt"/>
  <File Type="BITSTR-RBT" Name="fifo.rbt"/>
  <File Type="PHYSOPT-TIMING" Name="fifo_timing_summary_physopted.rpt"/>
  <File Type="ROUTE-ERROR-DCP" Name="fifo_routed_error.dcp"/>
  <File Type="ROUTE-DCP" Name="fifo_routed.dcp"/>
  <File Type="ROUTE-BLACKBOX-DCP" Name="fifo_routed_bb.dcp"/>
  <File Type="ROUTE-DRC" Name="fifo_drc_routed.rpt"/>
  <File Type="ROUTE-DRC-PB" Name="fifo_drc_routed.pb"/>
  <File Type="ROUTE-DRC-RPX" Name="fifo_drc_routed.rpx"/>
  <File Type="ROUTE-METHODOLOGY-DRC" Name="fifo_methodology_drc_routed.rpt"/>
  <File Type="ROUTE-METHODOLOGY-DRC-RPX" Name="fifo_methodology_drc_routed.rpx"/>
  <File Type="ROUTE-METHODOLOGY-DRC-PB" Name="fifo_methodology_drc_routed.pb"/>
  <File Type="ROUTE-RQS-PB" Name="fifo_rqs_routed.pb"/>
  <File Type="ROUTE-STATUS" Name="fifo_route_status.rpt"/>
  <File Type="ROUTE-STATUS-PB" Name="fifo_route_status.pb"/>
  <File Type="ROUTE-TIMINGSUMMARY" Name="fifo_timing_summary_routed.rpt"/>
  <File Type="ROUTE-TIMING-PB" Name="fifo_timing_summary_routed.pb"/>
  <File Type="ROUTE-TIMING-RPX" Name="fifo_timing_summary_routed.rpx"/>
  <File Type="ROUTE-SIMILARITY" Name="fifo_incremental_reuse_routed.rpt"/>
  <File Type="ROUTE-CLK" Name="fifo_clock_utilization_routed.rpt"/>
  <File Type="ROUTE-BUS-SKEW" Name="fifo_bus_skew_routed.rpt"/>
  <File Type="ROUTE-BUS-SKEW-PB" Name="fifo_bus_skew_routed.pb"/>
  <File Type="ROUTE-BUS-SKEW-RPX" Name="fifo_bus_skew_routed.rpx"/>
  <File Type="POSTROUTE-PHYSOPT-DCP" Name="fifo_postroute_physopt.dcp"/>
  <File Type="POSTROUTE-PHYSOPT-BLACKBOX-DCP" Name="fifo_postroute_physopt_bb.dcp"/>
  <File Type="POSTROUTE-PHYSOPT-TIMING" Name="fifo_timing_summary_postroute_physopted.rpt"/>
  <File Type="POSTROUTE-PHYSOPT-TIMING-PB" Name="fifo_timing_summary_postroute_physopted.pb"/>
  <File Type="POSTROUTE-PHYSOPT-TIMING-RPX" Name="fifo_timing_summary_postroute_physopted.rpx"/>
  <File Type="POSTROUTE-PHYSOPT-BUS-SKEW" Name="fifo_bus_skew_postroute_physopted.rpt"/>
  <File Type="BG-BIT" Name="fifo.bit"/>
  <File Type="POSTROUTE-PHYSOPT-BUS-SKEW-PB" Name="fifo_bus_skew_postroute_physopted.pb"/>
  <File Type="POSTROUTE-PHYSOPT-BUS-SKEW-RPX" Name="fifo_bus_skew_postroute_physopted.rpx"/>
  <File Type="BITSTR-NKY" Name="fifo.nky"/>
  <File Type="BITSTR-BMM" Name="fifo_bd.bmm"/>
  <File Type="PDI-FILE" Name="fifo.pdi"/>
  <File Type="BOOT-PDI-FILE" Name="fifo_boot.pdi"/>
  <File Type="PL-PDI-FILE" Name="fifo_pld.pdi"/>
  <File Type="RCFI_FILE" Name="fifo.rcfi"/>
  <File Type="CFI_FILE" Name="fifo.cfi"/>
  <File Type="RNPI_FILE" Name="fifo.rnpi"/>
  <File Type="NPI_FILE" Name="fifo.npi"/>
  <File Type="RBD_FILE" Name="fifo.rbd"/>
  <File Type="BITSTR-LTX" Name="debug_nets.ltx"/>
  <File Type="BITSTR-LTX" Name="fifo.ltx"/>
  <File Type="BITSTR-SYSDEF" Name="fifo.sysdef"/>
  <File Type="BG-BGN" Name="fifo.bgn"/>
  <File Type="BG-DRC" Name="fifo.drc"/>
  <File Type="RDI-RDI" Name="fifo.vdi"/>
  <File Type="WBT-USG" Name="usage_statistics_webtalk.html"/>
  <File Type="ROUTE-RQS" Name="fifo_routed.rqs"/>
  <File Type="POSTROUTE-PHYSOPT-RQS" Name="fifo_postroute_physopted.rqs"/>
  <File Type="ROUTE-RQS-RPT" Name="route_report_qor_suggestions_0.rpt"/>
  <File Type="POSTROUTE-PHYSOPT-RQS-RPT" Name="postroute_physopt_report_qor_suggestions_0.rpt"/>
  <FileSet Name="sources" Type="DesignSrcs" RelSrcDir="$PSRCDIR/sources_1" RelGenDir="$PGENDIR/sources_1">
    <Filter Type="Srcs"/>
    <File Path="$PSRCDIR/sources_1/imports/lab8/fifo.v">
      <FileInfo SFType="SVerilog">
        <Attr Name="ImportPath" Val="$PPRDIR/../fifo.v"/>
        <Attr Name="ImportTime" Val="1706107606"/>
        <Attr Name="UsedIn" Val="synthesis"/>
        <Attr Name="UsedIn" Val="implementation"/>
        <Attr Name="UsedIn" Val="simulation"/>
      </FileInfo>
    </File>
    <Config>
      <Option Name="DesignMode" Val="RTL"/>
      <Option Name="TopModule" Val="fifo"/>
      <Option Name="TopAutoSet" Val="TRUE"/>
    </Config>
  </FileSet>
  <FileSet Name="constrs_in" Type="Constrs" RelSrcDir="$PSRCDIR/constrs_1" RelGenDir="$PGENDIR/constrs_1">
    <Filter Type="Constrs"/>
    <Config>
      <Option Name="ConstrsType" Val="XDC"/>
    </Config>
  </FileSet>
  <FileSet Name="utils" Type="Utils" RelSrcDir="$PSRCDIR/utils_1" RelGenDir="$PGENDIR/utils_1">
    <Filter Type="Utils"/>
    <Config>
      <Option Name="TopAutoSet" Val="TRUE"/>
    </Config>
  </FileSet>
  <Strategy Version="1" Minor="2">
    <StratHandle Name="Vivado Implementation Defaults" Flow="Vivado Implementation 2023"/>
    <Step Id="init_design"/>
    <Step Id="opt_design"/>
    <Step Id="power_opt_design"/>
    <Step Id="place_design"/>
    <Step Id="post_place_power_opt_design"/>
    <Step Id="phys_opt_design"/>
    <Step Id="route_design"/>
    <Step Id="post_route_phys_opt_design"/>
    <Step Id="write_bitstream"/>
  </Strategy>
  <BlockFileSet Type="BlockSrcs" Name="blk_mem_gen_0"/>
</GenRun>
